<?xml version="1.0" encoding="UTF-8" standalone="yes"?>
<addon id="script.kodi.log.viewer" name="KODI Log Viewer" version="1.2.0" provider-name="ilomambo">
    <requires>
        <import addon="xbmc.python" version="2.1.0" />
    </requires>
    <extension point="xbmc.python.script" library="default.py" />
    <extension point="xbmc.addon.metadata">
        <language></language>
        <summary lang="en">Shows on screen the KODI log file kodi.log</summary>
        <description>This script shows the current content of the Kodi log file on a window.
The Kodi old log file can be selected for view and a refresh button allows to get any new lines that might have been appended since the log window was opened.

It responds to most common controls like arrows up/down, page up/down, home, end, esc, x. </description>
        <platform>all</platform>
    </extension>
</addon>
