<window>
	<allowoverlay>no</allowoverlay>
	<defaultcontrol>70</defaultcontrol>
	<coordinates>
		<system>1</system>
		<posx>0</posx>
		<posy>0</posy>
	</coordinates>
	<animation type="WindowOpen" reversible="false">
		<effect type="zoom" start="80" end="100" center="640,360" easing="out" tween="back" time="300" />
		<effect type="fade" start="0" end="100" time="300" />
	</animation>
	<animation type="WindowClose" reversible="false">
		<effect type="zoom" start="100" end="80" center="640,360" easing="in" tween="back" time="300" />
		<effect type="fade" start="100" end="0" time="300" />
	</animation>
	<controls>
		<control type="image">
			<description>Background image</description>
			<posx>30</posx>
			<posy>30</posy>
			<width>1210</width>
			<height>650</height>
			<texture border="20,20,20,20">default-panel.png</texture>
		</control>
		<control type="textbox" id="100">
			<description>Log text area</description>
			<posx>50</posx>
			<posy>80</posy>
			<width>1125</width>
			<height>590</height>
			<pagecontrol>101</pagecontrol>
			<font>font10</font>
			<textcolor>DDFFFFFF</textcolor>
		</control>
		<control type="scrollbar" id="101">
            <description>Scroll bar</description>
            <posx>1205</posx>
            <posy>70</posy>
            <width>20</width>
            <height>590</height>
            <visible>true</visible>
            <texturesliderbackground>scroll-background.png</texturesliderbackground>
            <texturesliderbar>bar.png</texturesliderbar>
            <texturesliderbarfocus>bar-focus.png</texturesliderbarfocus>
            <textureslidernib>nib.png</textureslidernib>
            <textureslidernibfocus>nib-focus.png</textureslidernibfocus>
            <orientation>vertical</orientation>
            <showonepage>false</showonepage>
            <onleft>90</onleft>
            <onright>60</onright>
		</control>
		<control type="button" id="60">
			<description>Close button</description>
			<posx>50</posx>
			<posy>45</posy>
			<width>64</width>
			<height>32</height>
			<label>-</label>
			<font>-</font>
			<texturefocus>DialogCloseButton-focus.png</texturefocus>
			<texturenofocus>DialogCloseButton.png</texturenofocus>
			<onleft>90</onleft>
			<onright>70</onright>
        </control>
		<control type="button" id="70">
            <description>Refresh button</description>
            <posx>200</posx>
            <posy>45</posy>
            <width>120</width>
            <height>30</height>
            <visible>true</visible>
            <label>REFRESH</label>
            <font>font12</font>
            <textcolor>FFFFFFFF</textcolor>
            <focusedcolor>FF8888FF</focusedcolor>
            <align>center</align>
            <aligny>center</aligny>
            <onleft>60</onleft>
            <onright>80</onright>
		</control>    
		<control type="button" id="80">
            <description>Log file button</description>
            <posx>400</posx>
            <posy>45</posy>
            <width>200</width>
            <height>30</height>
            <visible>true</visible>
            <label>KODI Log</label>
            <font>font12</font>
            <textcolor>FFFFFFFF</textcolor>
            <focusedcolor>FF8888FF</focusedcolor>
            <align>center</align>
            <aligny>center</aligny>
            <onleft>70</onleft>
            <onright>90</onright>
		</control>    
		<control type="button" id="90">
            <description>Log file button</description>
            <posx>600</posx>
            <posy>45</posy>
            <width>200</width>
            <height>30</height>
            <visible>true</visible>
            <label>KODI Old Log</label>
            <font>font12</font>
            <textcolor>FFFFFFFF</textcolor>
            <focusedcolor>FF8888FF</focusedcolor>
            <align>center</align>
            <aligny>center</aligny>
            <onleft>80</onleft>
            <onright>60</onright>
		</control>    
	</controls>
</window>
